	hmc0	hmc1	hmc2	hmc3	hmc_ndclover	hmc_nosplit_ndclover	hmc_nocsw_ndclover	hmc_nosplit_nocsw_ndclover	hmc_cloverdet	hmc_tmcloverdet	hmc_check_ndclover_tmcloverdet	hmc_check_ndclover_nocsw_tmcloverdet	hmc_tmcloverdetratio
4D_MPI_hs	0.0160616905	0.0294515102	0.1094944028	0.0937314141	0.1586229886	0.1341872566	0.2486120893	0.1345078787	0.0454134909	0.0264373222	0.0394729129	0.0337200105	0.0346210965
hybrid_hs	0.0188884842	0.0232061272	0.1362729252	0.0912924823	0.2080686111	0.1893331397	0.2129309007	0.1858502926	0.0738001774	0.0260368532	0.043072304	0.0367328707	0.064818907
mpi_hs	0.013487079	0.0252927854	0.1148457335	0.1403235031	0.1749948224	0.2457387004	0.1762786328	0.1521190828	0.0675495355	0.0258711843	0.0690767073	0.0356029817	0.0354505178
openmp	0.0115445216	0.0234998183	0.1587582083	0.1125611091	0.204168364	0.1737403844	0.3140638394	0.1888605431	0.0748200044	0.0284778568	0.0495919327	0.041391586	0.0477595794
serial	0.034546843	0.0666814241	0.3931132808	0.2922413024	0.7000730548	0.6281368073	0.6225713873	0.6002227836	0.1639822604	0.0940427838	0.1943786364	0.1723673375	0.1376433186
